AcresBurned,Active,AdminUnit,AirTankers,ArchiveYear,CalFireIncident,Counties,CrewsInvolved,Dozers,Engines,Extinguished,Fatalities,Featured,Final,FuelType,Helicopters,Injuries,Latitude,Longitude,MajorIncident,Name,PercentContained,PersonnelInvolved,Public,Started,Status,StructuresDamaged,StructuresDestroyed,StructuresEvacuated,StructuresThreatened,Updated,WaterTenders
410203.0,False,USFS Mendocino National Forest ,,2018,True,"['Colusa', 'Glenn', 'Lake', 'Mendocino']",,,,2019-01-04 09:33:00,1.0,False,True,,,3.0,39.243283,-123.103367,True,Ranch Fire (Mendocino Complex),100.0,,True,2018-07-27 12:05:00,Finalized,,280.0,,1050.0,2019-01-04 09:33:00,
229651.0,False,"Unified Command: CAL FIRE Shasta-Trinity Unit, US Forest Service and NPS Whiskeytown National Recreation Area",,2018,True,"['Shasta', 'Trinity']",5.0,48.0,11.0,2019-01-04 09:37:00,3.0,False,True,,,0.0,40.65428,-122.62357,True,Carr Fire,100.0,456.0,True,2018-07-23 13:15:00,Finalized,61.0,1820.0,,,2019-01-04 09:37:00,31.0
153336.0,False,"Unified Command: CAL FIRE, Butte County Sheriff Department, Paradise Police Department, USFS",,2018,True,['Butte'],11.0,3.0,73.0,2019-06-25 08:15:36,85.0,False,True,,2.0,3.0,39.8134,-121.4347,True,Camp Fire,100.0,1065.0,True,2018-11-08 06:33:00,Finalized,,18793.0,,,2019-07-09 13:47:00,3.0
96949.0,False,Ventura County Fire Dept. and Los Angeles County Fire Dept.,,2018,True,"['Los Angeles', 'Ventura']",,,,2019-01-04 08:42:00,3.0,False,True,,,0.0,34.235,-118.70128,True,Woolsey Fire,100.0,,True,2018-11-08 14:24:00,Finalized,341.0,1500.0,,,2019-07-09 13:46:21,
96901.0,False,USFS Sierra National Forest ,,2018,False,['Mariposa'],,,,2019-01-04 09:48:00,,False,True,,,,37.6549,-119.88581,False,Ferguson Fire,100.0,,True,2018-07-13 21:36:00,Finalized,,,,,2019-01-04 09:48:00,
90288.0,False,CAL FIRE Sonoma-Lake-Napa Unit,,2018,True,"['Napa', 'Yolo']",,,,2019-01-04 09:57:00,,False,True,,,1.0,38.80583,-122.18183,True,County Fire,100.0,,True,2018-06-30 14:12:00,Finalized,,20.0,,,2019-01-04 09:57:00,
63311.0,False,USFS Shasta-Trinity National Forest,,2018,True,"['Shasta', 'Trinity']",,,,2019-01-04 09:07:00,,False,True,,,,40.9425,-122.43,False,Delta Fire,100.0,,True,2018-09-05 12:51:00,Finalized,,,,,2019-01-04 09:07:00,
48920.0,False,Unified command: CAL FIRE Mendocino Unit and USFS Mendocino National Forest ,,2018,True,"['Colusa', 'Lake', 'Mendocino']",58.0,76.0,256.0,2019-01-04 09:18:00,,False,True,,20.0,,39.04786,-123.11971,True,River Fire (Mendocino Complex),100.0,3100.0,True,2018-07-27 13:01:00,Finalized,,264.0,,1025.0,2019-01-04 09:18:00,79.0
46150.0,False,USFS Shasta-Trinity National Forest,,2018,False,['Shasta'],,,,2019-01-04 09:21:00,,False,True,,,,40.896,-122.219,True,Hirz Fire,100.0,,True,2018-08-09 01:55:00,Finalized,,,,,2019-01-04 09:21:00,
39387.0,False,Modoc National Forest,,2018,False,['Modoc'],,,,2019-01-04 09:20:00,,False,True,,,,41.38544,-121.04386,False,Stone Fire,100.0,,True,2018-08-15 18:05:00,Finalized,,,,,2019-01-04 09:20:00,
38134.0,False,USFS Rogue River-Siskiyou National Forest,,2018,False,,,,,2019-01-04 09:42:00,,False,True,,,,41.95113,-123.54642,False,Natchez Fire,100.0,,True,2018-07-15 18:30:00,Finalized,,,,,2019-01-04 09:42:00,
38008.0,False,CAL FIRE Siskiyou Unit,,2018,True,['Siskiyou'],6.0,4.0,12.0,2019-01-04 09:55:00,1.0,False,True,,2.0,3.0,41.893332,-122.534655,True,Klamathon Fire,100.0,350.0,True,2018-07-05 12:31:00,Finalized,12.0,82.0,,,2019-01-04 09:55:00,4.0
36450.0,False,Stanislaus National Forest,,2018,False,['Tuolumne'],,,,2019-01-04 09:26:00,,False,True,,,,38.349,-119.929,False,Donnell Fire,100.0,,True,2018-08-01 17:48:00,Finalized,,,,,2019-01-04 09:26:00,
29016.0,False,Oregon Department of Forestry,,2018,False,,,,,2019-01-04 09:42:00,,False,True,,,,0.0,0.0,False,Garner Complex,100.0,,True,2018-07-16 15:00:00,Finalized,,,,,2019-01-04 09:42:00,
23136.0,False,Cleveland National Forest,,2018,False,['Orange'],,,,2019-01-04 09:23:00,,False,True,,,,33.69888,-117.52055,False,Holy Fire,100.0,,True,2018-08-06 13:20:00,Finalized,,,,,2019-01-04 09:23:00,
18703.0,False,Unified Command: CAL FIRE and USFS Lassen National Forest,,2018,True,['Lassen'],,,,2019-01-04 09:32:00,,False,True,,,,40.633536,-120.868091,False,Whaleback Fire,100.0,,True,2018-07-27 13:32:00,Finalized,,,,,2019-01-04 09:32:00,
15185.0,False,CAL FIRE Sonoma-Lake-Napa Unit,,2018,True,['Lake'],,,,2019-01-04 10:01:00,,False,True,,,1.0,39.0674,-122.59848,True,Pawnee Fire,100.0,,True,2018-06-23 17:21:00,Finalized,,22.0,,,2019-01-04 10:01:00,
13139.0,False,San Bernardino National Forest,,2018,False,['Riverside'],,,,2019-01-04 09:36:00,,False,True,,,,0.0,0.0,False,Cranston Fire,100.0,,True,2018-07-25 11:41:00,Finalized,,,,,2019-01-04 09:36:00,
12300.0,False,CAL FIRE Tuolumne-Calaveras Unit,,2018,True,['San Joaquin'],,,,2019-01-04 09:58:00,,False,True,,,,38.052055,-120.945482,False,Waverly Fire,100.0,,True,2018-06-29 15:11:00,Finalized,,,,,2019-01-04 09:58:00,
6974.0,False,Humboldt-Toiyabe National Forest,,2018,False,['Mono'],,,,2019-01-04 09:09:00,,False,True,,,,38.347395,-119.45186,False,Boot Fire,100.0,,True,2018-09-04 14:26:00,Finalized,,,,,2019-01-04 09:09:00,
4564.0,False,CAL FIRE Madera-Mariposa-Merced ,,2018,True,['Merced'],,,,2019-01-04 10:06:00,,False,True,,,,37.39339,-120.34207,False,Planada Fire,100.0,,True,2018-06-15 10:34:00,Finalized,,,,,2019-01-04 10:06:00,
4531.0,False,"Unified Command: CAL FIRE, Ventura County Fire, Ventura Sheriff Dept, LA County Fire, LA City Fire, LA Sherriff Dept, LA Police Dept",,2018,True,['Ventura'],,,,2019-01-04 08:43:00,,False,True,,,,34.22685,-118.93444,True,Hill Fire,100.0,,True,2018-11-08 14:03:00,Finalized,4.0,2.0,,,2019-07-09 13:47:35,
4500.0,False,Suisun Fire Protection District,,2018,False,['Solano'],,,,2019-01-04 08:57:00,,False,True,,,,0.0,0.0,False,Branscombe Fire,100.0,,True,2018-10-07 13:00:00,Finalized,,,,,2019-01-04 08:57:00,
4064.0,False,Sierra National Forest,,2018,False,['Madera'],,,,2019-01-04 10:03:00,,False,True,,,,37.571,-119.118,False,Lions Fire,100.0,,True,2018-06-11 12:00:00,Finalized,,,,,2019-01-04 10:03:00,
3889.0,False,CAL FIRE Tehama-Glenn Unit,,2018,True,['Tehama'],,,,2019-01-04 08:57:00,,False,True,,,,40.22027778,-122.18,True,Sun Fire,100.0,196.0,True,2018-10-07 12:51:00,Finalized,,,,,2019-01-04 08:57:00,
3716.0,False,CAL FIRE Tehama-Glenn Unit,,2018,True,['Tehama'],,,,2019-01-04 10:02:00,,False,True,,,1.0,40.35068,-121.77867,True,Lane Fire,100.0,,True,2018-06-23 11:38:00,Finalized,,,,,2019-01-04 10:02:00,
3674.0,False,Hoopa Valley Tribe ,,2018,False,['Humboldt'],,,,2019-01-04 09:17:00,,False,True,,,,41.07944,-123.688056,False,Mill Creek 1 Fire,100.0,,True,2018-08-16 09:18:00,Finalized,,,,,2019-01-04 09:17:00,
3380.0,False,US Forest Service - Angeles National Forest,,2018,False,['Los Angeles'],,,,2019-01-04 09:03:00,,False,True,,,,34.48229,-118.60858,False,Charlie Fire,100.0,,True,2018-09-22 14:30:00,Finalized,,,,,2019-01-04 09:03:00,
2995.0,False,Kings County Fire Department,,2018,False,['Kings'],,,,2019-01-04 09:23:00,,False,True,,,,35.97896,-119.98329,False,Five Fire,100.0,,True,2018-08-06 17:29:00,Finalized,,,,,2019-01-04 09:23:00,
2956.0,False,CAL FIRE Tehama-Glenn Unit,,2018,True,['Tehama'],,,,2019-01-04 10:10:00,,False,True,,,,39.94355,-122.3571,True,Apple Fire,100.0,,True,2018-06-09 14:10:00,Finalized,,5.0,,,2019-01-04 10:10:00,
2950.0,False,Kern County Fire Department,,2018,True,['Kern'],,,,2019-01-04 09:26:00,,False,True,,,,35.37444,-118.83556,False,Tarina Fire,100.0,,True,2018-08-03 14:48:00,Finalized,,,,,2019-01-04 09:26:00,
2883.0,False,Inyo National Forest Service ,,2018,False,['Inyo'],20.0,3.0,22.0,2019-01-04 09:54:00,,False,True,,7.0,,36.6734,-118.21881,True,Georges Fire,100.0,564.0,True,2018-07-08 13:36:00,Finalized,,,,,2019-01-04 09:54:00,4.0
2490.0,False,CAL FIRE Sonoma-Lake-Napa Unit,,2018,True,['Napa'],,,,2019-01-04 09:06:00,,False,True,,,,38.69601,-122.44468,True,Snell Fire,100.0,,True,2018-09-08 14:29:00,Finalized,,,,,2019-01-04 09:06:00,
2290.0,False,CAL FIRE Tehama-Glenn Unit,,2018,True,['Glenn'],,,,2019-01-04 10:09:00,,False,True,,,,39.64978,-122.58218,True,Chrome Fire,100.0,,True,2018-06-09 15:32:00,Finalized,,1.0,,,2019-01-04 10:09:00,
2225.0,False,CAL FIRE San Benito-Monterey Unit,,2018,True,['Monterey'],,,,2019-01-04 09:23:00,,False,True,,,,35.847778,-120.343056,False,Turkey Fire,100.0,,True,2018-08-06 12:59:00,Finalized,,,,,2019-01-04 09:23:00,
2162.0,False,"Unified Command: CAL FIRE Sonoma-Lake-Napa Unit, Solano County Fire",,2018,True,['Solano'],4.0,2.0,11.0,2019-01-04 09:20:00,,False,True,,1.0,,38.431278,-122.043747,True,Nelson Fire,100.0,180.0,True,2018-08-10 16:57:00,Finalized,,1.0,,10.0,2019-01-04 09:20:00,4.0
2100.0,False,BLM Northern District (NOD) ,,2018,False,['Modoc'],,,,2019-01-04 09:46:00,,False,True,,,,41.29363,-120.11461,False,Eagle Fire,100.0,,True,2018-07-13 22:03:00,Finalized,,,,,2019-01-04 09:46:00,
2070.0,False,Unified Command: CAL FIRE San Bernardino Unit and Inyo County Sheriff's Office,,2018,True,['Inyo'],,,,2019-01-03 09:43:00,,False,True,,,,37.40208,-118.50235,True,Pleasant Fire,100.0,,True,2018-02-18 14:12:00,Finalized,,,,,2019-01-03 09:43:00,
1900.0,False,CAL FIRE Shasta-Trinity Unit,,2018,True,['Shasta'],,,,2019-01-04 09:21:00,,False,True,,,,40.99344,-121.52225,True,Hat Fire,100.0,,True,2018-08-09 14:34:00,Finalized,,,,,2019-01-04 09:21:00,
1756.0,False,CAL FIRE Madera-Mariposa-Merced Unit ,,2018,True,['Merced'],,,,2019-01-04 10:26:00,,False,True,,,,36.85156,-120.77206,False,Nees Fire,100.0,,True,2018-05-02 16:00:00,Finalized,,,,,2019-01-04 10:26:00,
1751.0,False,Shasta-Trinity National Forest,,2018,False,['Trinity'],,,,2019-01-04 09:08:00,,False,True,,,,40.616251,-123.52019,False,Kerlin Fire,100.0,,True,2018-09-04 15:20:00,Finalized,,,,,2019-01-04 09:08:00,
1678.0,False,Unified Command: CAL FIRE and City of Redding Fire Department,,2018,True,['Shasta'],,,,2019-01-04 10:01:00,,False,True,,,1.0,40.50318,-122.42308,True,Creek Fire,100.0,,True,2018-06-24 12:29:00,Finalized,,11.0,,,2019-01-04 10:01:00,
1500.0,False,Suisun City Fire Protection District,,2018,False,['Solano'],,,,2019-01-04 08:47:00,,False,True,,,,38.21396,-121.9424,False,Nurse Fire,100.0,,True,2018-11-08 13:28:00,Finalized,,,,,2019-01-04 08:47:00,
1500.0,False,Camp Roberts,,2018,False,['San Luis Obispo'],,,,2019-01-04 10:03:00,,False,True,,,,35.73629,-120.75593,False,Yankee Fire,100.0,,True,2018-06-20 18:22:00,Finalized,,,,,2019-01-04 10:03:00,
1352.0,False,Unified Command: US Forest Service and Los Angeles County FD,,2018,False,['Los Angeles'],,,,2019-01-04 10:15:00,,False,True,,,,34.5486,-118.31138,False,Stone Fire,100.0,,True,2018-06-04 12:40:00,Finalized,,,,,2019-01-04 10:15:00,
1350.0,False,San Bernardino National Forest ,,2018,False,['San Bernardino'],,,,2019-01-04 09:55:00,,False,True,,,,34.095568,-116.958806,True,Valley Fire,100.0,,True,2018-07-06 13:29:00,Finalized,,,,,2019-01-04 09:55:00,
1314.0,False,CAL FIRE San Benito-Monterey,,2018,True,['San Benito'],,,,2019-01-04 10:15:00,,False,True,,,,36.40755,-120.99322,True,Airline Fire,100.0,,True,2018-06-04 17:01:00,Finalized,,,,,2019-01-04 10:15:00,
1265.0,False,"Unified Command: CAL FIRE San Bernardino Unit, Cal Trans, and Inyo County Sheriff's Office",,2018,True,['Inyo'],12.0,1.0,17.0,2019-01-03 13:09:00,,False,True,,2.0,,36.71537,-118.08449,True,Moffat Fire,100.0,325.0,True,2018-04-19 10:28:00,Finalized,,,,,2019-01-03 13:09:00,1.0
1261.0,False,CAL FIRE / Riverside County Fire,,2018,True,['Riverside'],,,,2019-01-04 10:24:00,,False,True,,,,33.62924,-117.05992,False,Patterson Fire,100.0,,True,2018-05-17 14:19:00,Finalized,,,,,2019-01-04 10:24:00,
1202.0,False,Bureau of Land Management Carson City District Office,,2018,False,,,,,2019-01-04 10:05:00,,False,True,,,,38.834395,-119.416746,False,Upper Colony Fire,100.0,,True,2018-06-17 11:44:00,Finalized,,,,,2019-01-04 10:05:00,
1200.0,False,Sutter County Fire Protection District,,2018,False,['Sutter'],,,,2019-01-04 09:28:00,,False,True,,,,39.186144,-121.792885,False,Butte Fire,100.0,,True,2018-07-31 17:34:00,Finalized,,,,,2019-01-04 09:28:00,
1120.0,False,Tahoe National Forest,,2018,False,['Placer'],,,,2019-01-04 09:10:00,,False,True,,,,39.268611,-120.658333,True,North Fire,100.0,,True,2018-09-03 16:38:00,Finalized,,,,,2019-01-04 09:10:00,
1014.0,False,USFS Los Padres National Forest,,2018,False,['Santa Barbara'],,,,2019-01-04 09:16:00,,False,True,,,,35.11416667,-120.09222222,False,Front Fire,100.0,,True,2018-08-19 13:37:00,Finalized,,,,,2019-01-04 09:16:00,
993.0,False,Kern County Fire Department,,2018,True,['Kern'],,,,2019-01-04 09:32:00,,False,True,,,,35.387408,-118.817934,False,Breckenridge Fire,100.0,,True,2018-07-27 16:12:00,Finalized,,,,,2019-01-04 09:32:00,
972.0,False,USFS Mendocino National Forest,,2018,False,['Mendocino'],,,,2019-01-04 09:29:00,,False,True,,,,39.82877,-123.08489,False,Eel Fire,100.0,,True,2018-07-31 15:28:00,Finalized,,,,,2019-01-04 09:29:00,
962.0,False,Chico City Fire,,2018,True,['Butte'],,,,2019-01-04 09:48:00,,False,True,,,,39.77124,-121.76859,True,Stoney Fire,100.0,,True,2018-07-12 22:45:00,Finalized,,,,,2019-01-04 09:48:00,
856.0,False,CAL FIRE Tehama-Glenn Unit,,2018,True,['Tehama'],,,,2019-01-04 09:52:00,,False,True,,,,40.33682,-121.93908,False,Dale Fire,100.0,,True,2018-07-09 18:30:00,Finalized,,,,,2019-01-04 09:52:00,
825.0,False,CAL FIRE Amador - El Dorado Unit,,2018,True,['Amador'],4.0,2.0,15.0,2019-01-04 09:54:00,,False,True,,1.0,,38.42623,-120.95408,True,Irish Fire,100.0,,True,2018-07-06 14:42:00,Finalized,,,,,2019-01-04 09:54:00,4.0
822.0,False,CAL FIRE Sonoma-Lake-Napa Unit,,2018,True,['Yolo'],,,,2019-01-04 09:40:00,,False,True,,,,38.59694444,-121.99388889,False,Eighty Eight Fire,100.0,,True,2018-07-18 14:24:00,Finalized,,,,,2019-01-04 09:40:00,
700.0,False,CAL FIRE Nevada-Yuba-Placer Unit,,2018,True,['Placer'],,,,2019-01-04 09:28:00,,False,True,,,,38.82426,-121.451307,False,Sunset Fire,100.0,,True,2018-08-01 13:11:00,Finalized,,,,,2019-01-04 09:28:00,
668.0,False,CAL FIRE Tulare Unit,,2018,True,['Tulare'],,,,2019-01-04 09:19:00,,False,True,,,,35.79012,-118.7393,False,River Fire,100.0,,True,2018-08-15 17:14:00,Finalized,,,,,2019-01-04 09:19:00,
650.0,False,CAL FIRE San Benito-Monterey Unit,,2018,True,['Monterey'],,,,2019-01-04 09:20:00,,False,True,,,,36.00912,-120.82226,False,Gulch Fire,100.0,,True,2018-08-11 14:12:00,Finalized,,,,,2019-01-04 09:20:00,
646.0,False,Northern California District Bureau of Land Management ,,2018,False,['Lassen'],,,,2019-01-04 10:06:00,,False,True,,,,40.3768,-120.36403,False,Tumbleweed Fire,100.0,,True,2018-06-14 17:45:00,Finalized,,,,,2019-01-04 10:06:00,
640.0,False,CAL FIRE Santa Clara Unit,,2018,True,['Alameda'],,,,2019-01-04 09:53:00,,False,True,,,,37.75646,-121.60646,True,Grant Fire,100.0,,True,2018-07-08 17:38:00,Finalized,,,,,2019-01-04 09:53:00,
573.0,False,CAL FIRE Tuolumne-Calaveras Unit,,2018,True,['Tuolumne'],,,,2019-01-04 09:06:00,,False,True,,,,37.83388,-120.61746,False,Tulloch Fire,100.0,,True,2018-09-08 13:34:00,Finalized,,,,,2019-01-04 09:06:00,
550.0,False,CAL FIRE Butte Unit/Butte County Fire Department,,2018,True,['Butte'],,,,2019-01-04 08:50:00,,False,True,,,,39.36529,-121.51707,False,June Fire,100.0,,True,2018-10-30 14:46:00,Finalized,,,,,2019-01-04 08:50:00,
513.0,False,CAL FIRE San Benito-Monterey,,2018,True,['San Benito'],,,,2019-01-04 10:14:00,,False,True,,,,36.378333,-120.901167,True,Eastern Fire,100.0,,True,2018-06-04 17:30:00,Finalized,,,,,2019-01-04 10:14:00,
504.0,False,"Unified Command: CAL FIRE San Diego, Alpine Fire District and Cleveland National Forest",,2018,True,['San Diego'],,,,2019-01-04 09:55:00,,False,True,,,,32.833674,-116.7311,True,West Fire,100.0,,True,2018-07-06 23:39:00,Finalized,,56.0,,,2019-01-04 09:55:00,
484.0,False,CAL FIRE Santa Clara Unit,,2018,True,['Alameda'],,,,2019-01-04 10:20:00,,False,True,,,,37.75375,-121.57918,False,Grant Fire,100.0,,True,2018-05-30 13:21:00,Finalized,,,,,2019-01-04 10:20:00,
441.0,False,CAL FIRE Lassen Modoc Unit,,2018,True,['Lassen'],,,,2019-01-04 09:59:00,,False,True,,,,40.316137,-120.45053,False,Hyatt Fire,100.0,,True,2018-06-27 15:09:00,Finalized,,,,,2019-01-04 09:59:00,
400.0,False,CAL FIRE San Benito-Monterey Unit,,2018,True,['Monterey'],,,,2019-01-04 09:04:00,,False,True,,,,36.35502,-121.1563,False,Metz Fire,100.0,,True,2018-09-13 15:37:00,Finalized,,,,,2019-01-04 09:04:00,
375.0,False,CAL FIRE San Benito-Monterey Unit,,2018,True,['Monterey'],,,,2019-06-21 08:51:41,,False,True,,,,35.95515,-120.86256,False,San Ardo,100.0,,True,2018-06-26 07:11:00,Finalized,,,,,2019-06-27 08:38:49,
367.0,False,USFS Sequoia National Forest,,2018,False,['Kern'],,,,2019-01-04 09:16:00,,False,True,,,,35.51777778,-118.6525,False,Call Fire,100.0,,True,2018-08-18 15:17:00,Finalized,,,,,2019-01-04 09:16:00,
365.0,False,Unified Command: CAL FIRE San Diego County Fire Authority and San Diego County Fire ,,2018,True,['San Diego'],,,,2019-01-04 09:32:00,,False,True,,,,33.07892,-116.91845,True,Pasqual Fire,100.0,,True,2018-07-27 13:28:00,Finalized,,,,,2019-01-04 09:32:00,
360.0,False,CAL FIRE Madera Mariposa Merced Unit,,2018,True,['Madera'],,,,2019-01-04 09:03:00,,False,True,,,,37.38789,-119.68912,True,Oak Fire,100.0,,True,2018-09-22 15:44:00,Finalized,,,,,2019-01-04 09:03:00,
347.0,False,CAL FIRE Butte Unit - Butte County Fire Department,,2018,True,['Butte'],,,,2019-01-04 09:59:00,,False,True,,,,39.59872,-121.78208,False,Shippee Fire,100.0,,True,2018-06-26 12:56:00,Finalized,,,,,2019-01-04 09:59:00,
338.0,False,Inyo National Forest,,2018,False,['Inyo'],,,,2019-01-04 09:29:00,,False,True,,,,37.735461,-118.970443,False,Owens Fire,100.0,,True,2018-07-31 15:07:00,Finalized,,,,,2019-01-04 09:29:00,
328.0,False,CAL FIRE Shasta-Trinity Unit,,2018,True,['Shasta'],,,,2019-01-04 10:02:00,,False,True,,,,40.52909,-122.17457,False,Bascom Fire,100.0,,True,2018-06-23 12:54:00,Finalized,,,,,2019-01-04 10:02:00,
320.0,False,Unified Command: CAL FIRE Santa Clara Unit and Milpitas Fire Department,,2018,True,['Santa Clara'],1.0,,5.0,2019-01-04 09:37:00,,False,True,,,,37.449425,-121.88807,True,Country Fire,100.0,150.0,True,2018-07-22 13:06:00,Finalized,,1.0,,,2019-01-04 09:37:00,
316.0,False,CAL FIRE Amador-El Dorado Unit,,2018,True,['El Dorado'],,,,2019-01-04 09:56:00,,False,True,,,,38.539806,-121.059979,False,Shingle Fire,100.0,,True,2018-07-04 17:09:00,Finalized,,,,,2019-01-04 09:56:00,
300.0,False,CAL FIRE Shasta Trinity Unit,,2018,True,['Trinity'],,,,2019-01-04 09:59:00,,False,True,,,,40.60402,-122.9144,True,Flat Fire,100.0,,True,2018-06-28 18:01:00,Finalized,,,,,2019-01-04 09:59:00,
300.0,False,CAL FIRE Madera-Mariposa-Merced ,,2018,True,['Madera'],,,,2019-01-04 10:14:00,,False,True,,,,37.10181,-119.623981,False,ONeals Fire,100.0,,True,2018-06-04 17:44:00,Finalized,,,,,2019-01-04 10:14:00,
300.0,False,Department of Defense - Camp Pendleton ,,2018,False,['San Diego'],,,,2019-01-04 10:26:00,,False,True,,,,33.389425,-117.502405,False,Alpha Fire,100.0,,True,2018-05-04 11:44:00,Finalized,,,,,2019-01-04 10:26:00,
293.0,False,Kern County Fire,,2018,True,['Kern'],,,,2019-01-04 10:25:00,,False,True,,,,0.0,0.0,False,Twisselman Fire,100.0,,True,2018-05-16 16:30:00,Finalized,,,,,2019-01-04 10:25:00,
290.0,False,CAL FIRE Tuolumne-Calaveras Unit,,2018,True,['Calaveras'],,,,2019-01-04 09:23:00,,False,True,,,,38.061298,-120.872244,False,South Fire,100.0,,True,2018-08-06 16:26:00,Finalized,,,,,2019-01-04 09:23:00,
289.0,False,CAL FIRE Madera-Mariposa-Merced Unit,,2018,True,['Madera'],,,,2019-01-04 09:15:00,,False,True,,,,37.197039,-120.002619,False,Eastman Fire,100.0,,True,2018-08-23 15:40:00,Finalized,,,,,2019-01-04 09:15:00,
282.0,False,Unified Command: CAL FIRE/Riverside County Fire Department and Corona City Fire ,,2018,True,['Riverside'],,,,2019-01-04 09:39:00,,False,True,,,,33.836101,-117.607577,False,Skyline Fire,100.0,,True,2018-07-19 17:22:00,Finalized,,,,,2019-01-04 09:39:00,
280.0,False,East Fork Fire and Paramedic District / Bureau of Land Management,,2018,False,,,,,2019-01-04 09:53:00,,False,True,,,,39.05391,-119.82242,False,James Loop Fire,100.0,,True,2018-07-09 12:53:00,Finalized,,,,,2019-01-04 09:53:00,
278.0,False,CAL FIRE San Benito-Monterey,,2018,True,['San Benito'],,,,2019-01-04 09:49:00,,False,True,,,,36.65351,-121.0454,False,Panoche Fire,100.0,,True,2018-07-11 16:40:00,Finalized,,,,,2019-01-04 09:49:00,
268.0,False,Unified Command: CAL FIRE and Contra Costa County Fire Department,,2018,True,['Contra Costa'],,,,2019-01-04 09:58:00,,False,True,,,,37.94714,-121.9921,False,Valley Fire,100.0,,True,2018-06-29 16:06:00,Finalized,,,,,2019-01-04 09:58:00,
268.0,False,CAL FIRE Tehama-Glenn Unit,,2018,True,['Tehama'],,,,2019-01-04 10:02:00,,False,True,,,,40.18395,-122.27574,True,Stoll Fire,100.0,,True,2018-06-23 12:52:00,Finalized,,14.0,,,2019-01-04 10:02:00,
265.0,False,CAL FIRE San Diego Unit,,2018,True,['San Diego'],,,,2019-01-04 10:11:00,,False,True,,,1.0,32.63046,-116.46674,True,Recycle Fire,100.0,,True,2018-06-06 09:46:00,Finalized,,,,,2019-01-04 10:11:00,
261.0,False,Lassen National Forest,,2018,False,['Tehama'],,,,2019-01-04 08:59:00,,False,True,,,,40.34256,-121.43025,False,Wilson Fire,100.0,,True,2018-09-28 13:08:00,Finalized,,,,,2019-01-04 08:59:00,
260.0,False,CAL FIRE San Luis Obispo Unit,,2018,True,['San Luis Obispo'],,,,2019-01-04 10:00:00,,False,True,,,,35.33916,-120.71488,False,Fox Fire,100.0,,True,2018-06-26 11:16:00,Finalized,,,,,2019-01-04 10:00:00,
258.0,False,Channel Islands National Park,,2018,False,['Santa Barbara'],,,,2019-01-03 09:44:00,,False,True,,,,34.0232,-119.76576,False,Santa Cruz Fire,100.0,,True,2018-03-27 14:45:00,Finalized,,,,,2019-01-03 09:44:00,
250.0,False,CAL FIRE San Diego Unit,,2018,True,['San Diego'],,,,2019-01-04 09:21:00,,False,True,,,,33.076239,-116.902985,False,Rangeland Fire,100.0,,True,2018-08-09 13:09:00,Finalized,,,,,2019-01-04 09:21:00,
247.0,False,Unified Command: CAL FIRE Santa Clara Unit & East Contra Costa Fire,,2018,True,['Contra Costa'],,,,2019-01-04 09:34:00,,False,True,,,1.0,37.89612,-121.85847,True,Marsh Fire,100.0,,True,2018-07-25 14:41:00,Finalized,,4.0,,,2019-01-04 09:34:00,
224.0,False,CAL FIRE Siskiyou Unit,,2018,True,['Siskiyou'],,,,2019-01-04 09:44:00,,False,True,,,,41.70877,-122.47293,True,Steamboat Fire,100.0,,True,2018-07-15 09:58:00,Finalized,,,,,2019-01-04 09:44:00,
215.0,False,Klamath National Forest,,2018,False,['Siskiyou'],,,,2019-01-04 09:56:00,,False,True,,,,41.085,-123.051,False,Petersburg Fire,100.0,,True,2018-07-01 18:13:00,Finalized,,,,,2019-01-04 09:56:00,
215.0,False,CAL FIRE San Benito-Monterey Unit,,2018,True,['San Benito'],,,,2019-01-04 10:07:00,,False,True,,,,36.37532,-120.862579,False,Beaver Fire,100.0,,True,2018-06-12 15:06:00,Finalized,,,,,2019-01-04 10:07:00,
207.0,False,CAL FIRE San Diego Fire Authority,,2018,True,['San Diego'],,,,2019-01-04 09:31:00,,False,True,,,,33.41476,-117.24044,True,Rock Fire,100.0,,True,2018-07-28 15:14:00,Finalized,,,,,2019-01-04 09:31:00,
205.0,False,Bureau of Indian Affairs - CAL FIRE / Riverside County Fire,,2018,True,['Riverside'],,,,2019-01-04 09:33:00,,False,True,,,,33.571763,-116.500058,False,Ribbon Fire,100.0,,True,2018-07-26 10:12:00,Finalized,,,,,2019-01-04 09:33:00,
200.0,False,Kern County Fire,,2018,True,['Kern'],,,,2019-01-04 09:06:00,,False,True,,,,34.91482,-118.92485,False,Water Fire,100.0,,True,2018-09-12 11:25:00,Finalized,,,,,2019-01-04 09:06:00,
200.0,False,CAL FIRE Madera-Mariposa-Merced ,,2018,True,['Merced'],,,,2019-01-04 10:10:00,,False,True,,,,37.33924,-120.24315,False,Bear Fire,100.0,,True,2018-06-07 18:04:00,Finalized,,,,,2019-01-04 10:10:00,
191.0,False,CAL FIRE Butte Unit/Butte County Fire Department,,2018,True,['Butte'],,,,2019-01-04 09:56:00,,False,True,,,,39.491737,-121.637759,False,Par Fire,100.0,,True,2018-07-04 13:30:00,Finalized,,,,,2019-01-04 09:56:00,
186.0,False,Ventura County Fire Department,,2018,True,['Ventura'],,,,2019-01-04 08:46:00,,False,True,,,,34.26734825,-118.64381589,False,Peak Fire,100.0,,True,2018-11-12 10:06:00,Finalized,,,,,2019-01-04 08:46:00,
185.0,False,CAL FIRE Madera-Mariposa-Merced ,,2018,True,['Merced'],,,,2019-01-04 10:04:00,,False,True,,,,37.05876,-121.176354,False,Dinosaur Fire,100.0,,True,2018-06-17 15:09:00,Finalized,,,,,2019-01-04 10:04:00,
175.0,False,Los Angeles County,,2018,False,['Los Angeles'],,,,2019-01-04 10:08:00,,False,True,,,,37.97638,-122.5275,False,South Fire,100.0,,True,2018-06-09 14:45:00,Finalized,,,,,2019-01-04 10:08:00,
175.0,False,Orange County Fire,,2018,True,['Orange'],,,,2019-01-04 10:19:00,,False,True,,,,33.55132,-117.72044,False,Aliso Fire,100.0,,True,2018-06-02 13:07:00,Finalized,,,,,2019-01-04 10:19:00,
172.0,False,Los Padres National Forest,,2018,False,['Santa Barbara'],,,,2019-01-04 09:12:00,,False,True,,,,34.576944,-119.61416,False,Ogilvy Fire,100.0,,True,2018-09-01 14:22:00,Finalized,,,,,2019-01-04 09:12:00,
170.0,False,Tehama County Fire Department,,2018,False,['Tehama'],,,,2019-01-04 10:02:00,,False,True,,,,40.12791,-122.19792,False,Sierra Fire,100.0,,True,2018-06-23 13:15:00,Finalized,,,,,2019-01-04 10:02:00,
167.0,False,CAL FIRE San Benito - Monterey Unit,,2018,True,['Monterey'],,,,2019-01-04 08:54:00,,False,True,,,,36.18401,-120.69955,False,Priest Fire,100.0,,True,2018-10-13 14:43:00,Finalized,,,,,2019-01-04 08:54:00,
167.0,False,CAL FIRE Lassen-Modoc Unit / Lassen National Forest,,2018,True,['Lassen'],,,,2019-01-04 09:35:00,,False,True,,,1.0,40.34822,-120.82497,True,Roxie Fire (Formerly 1-1 Fire),100.0,,True,2018-07-24 16:02:00,Finalized,,,,,2019-01-04 09:35:00,
166.0,False,Angeles National Forest,,2018,False,['Los Angeles'],,,,2019-01-04 09:05:00,,False,True,,,,34.2325,-117.846111,False,Fork Fire,100.0,,True,2018-09-09 12:10:00,Finalized,,,,,2019-01-04 09:05:00,
163.0,False,CAL FIRE Tuolumne-Calaveras Unit,,2018,True,['Tuolumne'],,,,2019-01-04 10:01:00,,False,True,,,,37.80785,-120.30187,True,Flat Fire,100.0,,True,2018-06-24 13:54:00,Finalized,,,,,2019-01-04 10:01:00,
160.0,False,Solano County Fire Protection District,,2018,False,['Solano'],,,,2019-01-04 08:55:00,,False,True,,,,38.45673,-121.94658,False,Winters Fire,100.0,,True,2018-10-12 11:21:00,Finalized,,,,,2019-01-04 08:55:00,
155.0,False,CAL FIRE Shasta-Trinity Unit,,2018,True,['Shasta'],,,,2019-01-04 09:16:00,,False,True,,,,40.36888889,-122.89055556,False,Gorge Fire,100.0,,True,2018-08-19 07:32:00,Finalized,,,,,2019-01-04 09:16:00,
155.0,False,Orange County Fire,,2018,True,['Orange'],,,,2019-01-04 10:08:00,,False,True,,,,33.787838,-117.746625,False,Santiago Fire,100.0,,True,2018-06-11 17:04:00,Finalized,,,,,2019-01-04 10:08:00,
154.0,False,CAL FIRE / Riverside County Fire,,2018,True,['Riverside'],,,,2019-01-04 10:07:00,,False,True,,,,33.925862,-117.654299,False,Euclid Fire,100.0,,True,2018-06-12 14:22:00,Finalized,,,,,2019-01-04 10:07:00,
152.0,False,Marin County Fire,,2018,True,['Marin'],,,,2019-01-04 09:05:00,,False,True,,,,38.02447,-122.727,True,Irving Fire,100.0,,True,2018-09-10 19:00:00,Finalized,,,,,2019-01-04 09:05:00,
150.0,False,Ventura County Fire Department,,2018,True,['Ventura'],,,,2019-01-04 08:44:00,,False,True,,,,34.30166667,-119.09916667,False,Briggs Fire,100.0,,True,2018-11-15 01:39:00,Finalized,,,,,2019-01-04 08:44:00,
150.0,False,Fort Hunter Liggett Military Reservation,,2018,False,['Monterey'],,,,2019-01-04 08:57:00,,False,True,,,,35.97677,-121.24898,False,Nacimiento Fire,100.0,,True,2018-10-02 12:32:00,Finalized,,,,,2019-01-04 08:57:00,
150.0,False,CAL FIRE Amador-El Dorado Unit,,2018,True,['El Dorado'],12.0,1.0,30.0,2019-01-04 09:09:00,,False,True,,2.0,,38.94388,-120.92611,True,Sliger Fire,100.0,,True,2018-09-04 15:03:00,Finalized,,,,,2019-01-04 09:09:00,5.0
147.0,False,Rialto Fire Department,,2018,False,['San Bernardino'],,,,2019-01-04 08:45:00,,False,True,,,,34.18075,-117.43184,False,Sierra Fire,100.0,,True,2018-11-13 08:19:00,Finalized,,,,,2019-01-04 08:45:00,
136.0,False,CAL FIRE Tuolumne-Calaveras Unit,,2018,True,['Calaveras'],,,,2019-01-04 09:24:00,,False,True,,,,38.08424,-120.46078,False,Parrots Fire,100.0,,True,2018-08-05 04:19:00,Finalized,,,,,2019-01-04 09:24:00,
135.0,False,CAL FIRE Sonoma-Lake-Napa Unit,,2018,True,['Napa'],,,,2019-01-04 09:30:00,,False,True,,,,38.51943,-122.18353,True,Steele Fire,100.0,,True,2018-07-28 16:30:00,Finalized,4.0,8.0,,,2019-01-04 09:30:00,
128.0,False,Los Angeles County Fire Department ,,2018,True,['Los Angeles'],,,,2019-01-04 09:37:00,,False,True,,,,34.38039,-118.60441,False,Pico Fire,100.0,,True,2018-07-23 12:55:00,Finalized,,,,,2019-01-04 09:37:00,
127.0,False,Mendocino National Forest ,,2018,False,['Glenn'],,,,2019-01-04 10:19:00,,False,True,,,,39.46543,-122.65582,False,Open Fire,100.0,,True,2018-06-01 15:20:00,Finalized,,,,,2019-01-04 10:19:00,
127.0,False,CAL FIRE Siskiyou Unit,,2018,True,['Siskiyou'],,,,2019-01-04 10:25:00,,False,True,,,,41.65935,-122.48556,False,Shastina Fire,100.0,,True,2018-05-09 18:11:00,Finalized,,,,,2019-01-04 10:25:00,
125.0,False,San Bernardino National Forest/San Bernardino County Fire,,2018,False,['San Bernardino'],,,,2019-01-04 09:12:00,,False,True,,,,34.15475,-117.244366,False,Sterling,100.0,,True,2018-08-31 17:58:00,Finalized,,,,,2019-01-04 09:12:00,
120.0,False,CAL FIRE Tulare Unit,,2018,True,['Tulare'],,,,2019-01-04 08:51:00,,False,True,,,,36.47766,-119.10433,False,Market Fire,100.0,,True,2018-10-24 12:18:00,Finalized,,,,,2019-01-04 08:51:00,
117.0,False,USFS Plumas National Forest ,,2018,False,['Plumas'],,,,2019-01-04 09:22:00,,False,True,,,,39.996944,-121.27,False,Murphy Fire,100.0,,True,2018-08-07 02:11:00,Finalized,,,,,2019-01-04 09:22:00,
116.0,False,CAL FIRE San Benito-Monterey,,2018,True,['San Benito'],,,,2019-01-04 09:49:00,,False,True,,,,36.59036,-120.82355,False,Idria Fire,100.0,,True,2018-07-12 12:57:00,Finalized,,,,,2019-01-04 09:49:00,
116.0,False,CAL FIRE Santa Clara Unit,,2018,True,['Santa Clara'],,,,2019-01-04 09:54:00,,False,True,,,,37.06367,-121.53586,False,Bridle Fire,100.0,,True,2018-07-06 10:40:00,Finalized,,,,,2019-01-04 09:54:00,
115.0,False,CAL FIRE Madera-Mariposa-Merced Unit,,2018,True,['Mariposa'],,,,2019-01-04 10:04:00,,False,True,,,,37.707234,-120.199162,True,Wheeler Fire,100.0,,True,2018-06-18 12:30:00,Finalized,,,,,2019-01-04 10:04:00,
114.0,False,Kern County Fire ,,2018,True,['Kern'],,,,2019-01-04 09:17:00,,False,True,,,,35.56888889,-118.80138889,False,Pine Fire,100.0,,True,2018-08-16 16:06:00,Finalized,,,,,2019-01-04 09:17:00,
113.0,False,Santa Barbara County Fire,,2018,True,['Santa Barbara'],,,,2019-01-04 09:54:00,,False,True,,,,34.463889,-119.831389,True,Holiday Fire,100.0,,True,2018-07-06 20:40:00,Finalized,,,,,2019-01-04 09:54:00,
110.0,False,Santa Barbara County Fire,,2018,True,['Santa Barbara'],,,,2019-01-04 09:38:00,,False,True,,,,34.62412,-120.22298,False,Windmill Fire,100.0,,True,2018-07-20 14:23:00,Finalized,,,,,2019-01-04 09:38:00,
108.0,False,CAL FIRE Fresno-Kings Unit,,2018,True,['Fresno'],,,,2019-01-04 10:22:00,,False,True,,,,36.75581,-119.42172,False,Cobble Fire,100.0,,True,2018-05-26 14:52:00,Finalized,,,,,2019-01-04 10:22:00,
106.0,False,CAL FIRE Mendocino Unit,,2018,True,['Mendocino'],,,,2019-01-04 09:26:00,,False,True,,,,38.8802,-123.0496,False,Western Fire,100.0,,True,2018-08-01 15:53:00,Finalized,,,,,2019-01-04 09:26:00,
103.0,False,CAL FIRE Sonoma-Lake-Napa Unit,,2018,True,['Lake'],,,,2019-01-04 09:14:00,,False,True,,,,39.02017,-122.57496,False,Cache Fire,100.0,,True,2018-08-26 18:04:00,Finalized,,,,,2019-01-04 09:14:00,
103.0,False,CAL FIRE Tehama-Glenn Unit,,2018,True,['Tehama'],,,,2019-01-04 10:24:00,,False,True,,,,40.31759,-122.21032,False,Jelly Fire,100.0,,True,2018-05-18 16:37:00,Finalized,,,,,2019-01-04 10:24:00,
100.0,False, San Diego Fire-Rescue Department,,2018,False,['San Diego'],,,,2019-01-04 09:19:00,,False,True,,,,33.0971179,-117.0242529,False,Cloverdale Fire,100.0,,True,2018-08-13 14:58:00,Finalized,,,,,2019-01-04 09:19:00,
100.0,False,CAL FIRE Tulare Unit,,2018,True,['Tulare'],,,,2019-01-04 09:33:00,,False,True,,,,36.21634,-118.82989,False,Balch Fire,100.0,,True,2018-07-27 12:14:00,Finalized,,,,,2019-01-04 09:33:00,
100.0,False,San Bernardino National Forest ,,2018,False,['San Bernardino'],,,,2019-01-04 09:55:00,,False,True,,,,34.22526,-117.40967,False,Box Fire,100.0,,True,2018-07-06 09:36:00,Finalized,,,,,2019-01-04 09:55:00,
100.0,False,CAL FIRE San Luis Obispo Unit,,2018,True,['San Luis Obispo'],,,,2019-01-04 10:22:00,,False,True,,,,35.56922,-120.12441,False,Water Fire,100.0,,True,2018-05-24 10:43:00,Finalized,,,,,2019-01-04 10:22:00,
96.0,False,Fort Hunter Liggett,,2018,False,['Monterey'],,,,2019-01-04 10:08:00,,False,True,,,,35.9352,-121.11936,False,Sam Fire,100.0,,True,2018-06-09 15:31:00,Finalized,,,,,2019-01-04 10:08:00,
95.0,False,CAL FIRE Kern County Fire,,2018,True,['Kern'],,,,2019-01-04 09:57:00,,False,True,,,,35.1234,-118.72905,False,Sheep Fire,100.0,,True,2018-06-29 17:53:00,Finalized,,,,,2019-01-04 09:57:00,
90.0,False,CAL FIRE Mendocino Unit,,2018,True,['Mendocino'],,,,2019-01-04 09:55:00,,False,True,,,,39.038859,-123.38493,False,Peach Fire ,100.0,,True,2018-07-05 15:12:00,Finalized,,,,,2019-01-04 09:55:00,
89.0,False,CAL FIRE Lassen-Modoc Unit,,2018,True,['Lassen'],,,,2019-01-04 09:42:00,,False,True,,,,40.94666,-121.27049,False,3-16 Fire,100.0,,True,2018-07-15 18:54:00,Finalized,,,,,2019-01-04 09:42:00,
88.0,False,CAL FIRE Lassen - Modoc Unit,,2018,False,['Lassen'],,,,2019-01-04 08:47:00,,False,True,,,,40.83116,-120.19336,False,Horn Fire,100.0,,True,2018-11-08 11:25:00,Finalized,,,,,2019-01-04 08:47:00,
88.0,False,USFS Sierra National Forest ,,2018,False,['Madera'],,,,2019-01-04 09:13:00,,False,True,,,,37.179167,-119.431667,False,Redinger Fire,100.0,,True,2018-08-27 23:19:00,Finalized,,,,,2019-01-04 09:13:00,
88.0,False,CAL FIRE Mariposa-Madera-Merced Unit,,2018,True,['Merced'],,,,2019-01-04 10:24:00,,False,True,,,,37.056944,-121.01638,False,Plaza Fire,100.0,,True,2018-05-20 13:07:00,Finalized,,,,,2019-01-04 10:24:00,
80.0,False,CAL FIRE San Luis Obispo Unit,,2018,True,['San Luis Obispo'],,,,2019-01-04 08:58:00,,False,True,,,,-120.258,-120.258,False,Shandon Fire,100.0,,True,2018-09-29 09:30:00,Finalized,,,,,2019-01-04 08:58:00,
80.0,False,CAL FIRE Sonoma-Lake-Napa Unit,,2018,True,['Lake'],,,,2019-01-04 09:51:00,,False,True,,,,39.06715,-122.59789,False,Spring 2 Fire,100.0,,True,2018-07-09 16:46:00,Finalized,,,,,2019-01-04 09:51:00,
80.0,False,CAL FIRE Tuolumne-Calaveras Unit,,2018,True,['Calaveras'],,,,2019-01-04 10:01:00,,False,True,,,,37.95766,-120.68902,True,Horse Fire,100.0,,True,2018-06-24 15:28:00,Finalized,,,,,2019-01-04 10:01:00,
77.0,False,Santa Barbara County Fire,,2018,True,['Santa Barbara'],,,,2019-01-04 09:40:00,,False,True,,,,34.54305556,-120.31805556,False,Cruces Fire,100.0,,True,2018-07-18 11:55:00,Finalized,,,,,2019-01-04 09:40:00,
76.0,False,CAL FIRE Shasta-Trinity Unit,,2018,True,['Shasta'],,,,2019-01-04 08:58:00,,False,True,,,,40.5939,-122.17173,True,Silver Fire,100.0,,True,2018-09-28 14:44:00,Finalized,,1.0,,,2019-01-04 08:58:00,
76.0,False,CAL FIRE Fresno-Kings Unit,,2018,True,['Fresno'],,,,2019-01-04 09:59:00,,False,True,,,,36.696879,-119.304499,False,Anchor Fire,100.0,,True,2018-06-27 12:39:00,Finalized,,,,,2019-01-04 09:59:00,
75.0,False,CAL FIRE Sonoma-Lake-Napa Unit,,2018,True,['Colusa'],,,,2019-01-04 09:56:00,,False,True,,,,39.2976,-122.512012,True,Stony Fire,100.0,,True,2018-07-04 13:14:00,Finalized,,,,,2019-01-04 09:56:00,
75.0,False,CAL FIRE Tehama-Glenn Unit,,2018,True,['Glenn'],,,,2019-01-04 10:21:00,,False,True,,,,39.65578,-122.58666,False,Chrome Fire,100.0,,True,2018-05-28 17:33:00,Finalized,,,,,2019-01-04 10:21:00,
73.0,False,CAL FIRE / Riverside County Fire,,2018,True,['Riverside'],,,,2019-01-04 10:26:00,,False,True,,,,33.67815,-117.32281,False,Main Fire,100.0,,True,2018-04-28 14:26:00,Finalized,,,,,2019-01-04 10:26:00,
70.0,False,Unitied Command: CAL FIRE & San Jose City Fire Department,,2018,True,['Santa Clara'],,,,2019-01-04 09:50:00,,False,True,,,,37.22545,-121.79189,False,Curie Fire,100.0,,True,2018-07-10 15:08:00,Finalized,,,,,2019-01-04 09:50:00,
70.0,False,CAL FIRE Santa Clara Unit,,2018,True,['Santa Clara'],,,,2019-01-04 09:57:00,,False,True,,,,37.66074,-121.67144,False,Tesla Fire,100.0,,True,2018-06-29 20:59:00,Finalized,,,,,2019-01-04 09:57:00,
70.0,False,CAL FIRE Tehama-Glenn Unit,,2018,True,['Tehama'],,,,2019-01-04 10:07:00,,False,True,,,,40.394073,-122.135924,False,Spring Fire,100.0,,True,2018-06-13 21:06:00,Finalized,,,,,2019-06-27 08:39:04,
70.0,False,CAL FIRE/ Riverside County Fire,,2018,True,['Riverside'],,,,2019-01-04 10:26:00,,False,True,,,,33.504964,-117.148204,False,Tornado Fire,100.0,,True,2018-05-04 14:48:00,Finalized,,,,,2019-01-04 10:26:00,
68.0,False,CAL FIRE Madera-Mariposa-Merced Unit,,2018,True,['Merced'],,,,2019-01-04 10:00:00,,False,True,,,,37.08529,-121.09354,False,Romero Fire,100.0,,True,2018-06-24 16:11:00,Finalized,,,,,2019-01-04 10:00:00,
67.0,False,CAL FIRE Amador - El Dorado Unit,,2018,True,['El Dorado'],,,1.0,2019-01-04 09:28:00,,False,True,,,,38.645,-120.874167,True,Bumper Fire,100.0,,True,2018-08-01 13:57:00,Finalized,,,,,2019-01-04 09:28:00,
67.0,False,CAL FIRE Mendocino Unit,,2018,True,['Mendocino'],,,,2019-01-04 09:37:00,,False,True,,,,39.279833,-123.258319,False,Heart Fire,100.0,,True,2018-07-21 16:22:00,Finalized,,,,,2019-01-04 09:37:00,
66.0,False,CAL FIRE Amador - El Dorado Unit,,2018,True,['El Dorado'],,,1.0,2019-01-04 09:27:00,,False,True,,,,38.82128,-121.03918,True,Omega Fire,100.0,,True,2018-08-01 14:40:00,Finalized,3.0,2.0,,,2019-01-04 09:27:00,
64.0,False,CAL FIRE San Benito-Monterey,,2018,True,['San Benito'],,,,2019-01-04 10:13:00,,False,True,,,,36.64832,-121.03253,False,Panoche Fire,100.0,,True,2018-06-04 23:17:00,Finalized,,,,,2019-01-04 10:13:00,
63.0,False,CAL FIRE Santa Clara Unit/San Jose City Fire & South Santa Clara County FPD,,2018,False,['Santa Clara'],,,,2019-01-04 08:57:00,,False,True,,,,37.1769444,-121.68694444,False,Park Fire,100.0,,True,2018-10-07 12:57:00,Finalized,,,,,2019-01-04 08:57:00,
63.0,False,CAL FIRE Shasta-Trinity Unit,,2018,True,['Shasta'],4.0,,7.0,2019-01-04 09:38:00,,False,True,,,,40.741186,-122.649626,True,Highland Fire,100.0,98.0,True,2018-07-20 13:26:00,Finalized,,,,,2019-01-04 09:38:00,4.0
63.0,False,CAL FIRE / Riverside County Fire,,2018,True,['Riverside'],,,,2019-01-04 09:56:00,,False,True,,,,33.56349,-116.732032,False,Benton Fire,100.0,,True,2018-07-04 14:20:00,Finalized,,,,,2019-01-04 09:56:00,
63.0,False,Klamath National Forest,,2018,False,['Siskiyou'],,,,2019-01-04 09:59:00,,False,True,,,,41.83359,-122.99272,False,Cherry Fire,100.0,,True,2018-06-27 19:46:00,Finalized,,,,,2019-01-04 09:59:00,
63.0,False,CAL FIRE Santa Clara Unit,,2018,True,['Stanislaus'],,,,2019-01-04 10:21:00,,False,True,,,,37.32744,-121.10903,False,Stuhr Fire,100.0,,True,2018-05-29 12:58:00,Finalized,,,,,2019-01-04 10:21:00,
62.0,False,Kern County Fire Department,,2018,True,['Kern'],,,,2019-01-04 09:54:00,,False,True,,,,34.86022,-118.87881,False,Lebec Fire,100.0,,True,2018-07-08 13:38:00,Finalized,,,,,2019-01-04 09:54:00,
62.0,False,Los Padres National Forest,,2018,False,['Los Angeles'],,,,2019-01-04 10:01:00,,False,True,,,,34.53765,-118.75495,False,Canyon Fire,100.0,,True,2018-06-23 19:39:00,Finalized,,,,,2019-01-04 10:01:00,
62.0,False,CAL FIRE Amador - El Dorado Unit,,2018,True,['San Joaquin'],,,,2019-01-04 10:08:00,,False,True,,,,38.24033,-121.09199,False,Liberty Fire,100.0,,True,2018-06-11 12:16:00,Finalized,,,,,2019-01-04 10:08:00,
60.0,False,CAL FIRE Tehama - Glenn Unit,,2018,True,['Tehama'],,,,2019-01-04 08:50:00,,False,True,,,,40.346652,-122.308479,False,Adams Fire,100.0,,True,2018-11-05 10:17:00,Finalized,,,,,2019-01-04 08:50:00,
60.0,False,CAL FIRE Sonoma-Lake-Napa Unit,,2018,True,['Lake'],,,,2019-01-04 09:12:00,,False,True,,,,38.8275,-122.3625,False,Grade Fire,100.0,,True,2018-08-30 15:44:00,Finalized,,,,,2019-01-04 09:12:00,
60.0,False,CAL FIRE Madera-Mariposa-Merced ,,2018,True,['Madera'],,,,2019-01-04 10:06:00,,False,True,,,,37.14663,-119.91223,False,Raymond Fire,100.0,,True,2018-06-15 11:46:00,Finalized,,,,,2019-01-04 10:06:00,
60.0,False,CAL FIRE San Luis Obispo Unit,,2018,True,['San Luis Obispo'],,,,2019-01-04 10:06:00,,False,True,,,,35.58354,-120.624135,False,Creston FIre,100.0,,True,2018-06-14 17:23:00,Finalized,,,,,2019-01-04 10:06:00,
60.0,False,CAL FIRE San Luis Obispo Unit,,2018,True,['San Luis Obispo'],,,,2019-01-04 10:07:00,,False,True,,,,35.663607,-120.670311,False,Vista Fire,100.0,,True,2018-06-13 12:38:00,Finalized,,,,,2019-01-04 10:07:00,
60.0,False,Santa Barbara County Fire,,2018,True,['Santa Barbara'],,,,2019-01-04 10:25:00,,False,True,,,,34.74245,-120.18236,False,Happy Fire,100.0,,True,2018-05-17 12:53:00,Finalized,,,,,2019-01-04 10:25:00,
59.0,False,CAL FIRE San Diego Unit,,2018,True,['San Diego'],,,,2019-01-04 10:23:00,,False,True,,,,33.35505,-117.03134,False,Agua Fire,100.0,,True,2018-05-22 14:13:00,Finalized,,,,,2019-01-04 10:23:00,
58.0,False,CAL FIRE San Luis Obispo Unit,,2018,True,['San Luis Obispo'],,,,2019-01-04 08:52:00,,False,True,,,,35.17693,-120.48861,False,Camino Fire,100.0,,True,2018-10-19 14:10:00,Finalized,,,,,2019-01-04 08:52:00,
56.0,False,CAL FIRE Lassen-Modoc Unit,,2018,True,['Lassen'],,,,2019-01-04 09:44:00,,False,True,,,,40.95234,-121.21597,False,3-10 Fire,100.0,,True,2018-07-15 11:55:00,Finalized,,,,,2019-01-04 09:44:00,
56.0,False,CAL FIRE Santa Clara Unit,,2018,True,['Contra Costa'],,,,2019-01-04 09:53:00,,False,True,,,,37.79718,-121.85311,False,Bruce Fire,100.0,,True,2018-07-08 16:45:00,Finalized,,,,,2019-01-04 09:53:00,
56.0,False,CAL FIRE Madera-Mariposa-Merced Unit,,2018,True,['Madera'],,,,2019-01-04 10:23:00,,False,True,,,,37.0979,-119.75307,True,Experimental Fire,100.0,,True,2018-05-23 14:30:00,Finalized,,,,,2019-01-04 10:23:00,
53.0,False,San Bernardino National Forest,,2018,False,['San Bernardino'],,,,2019-01-04 09:00:00,,False,True,,,,34.24138,-117.42431,True,Keenbrook Fire,100.0,,True,2018-09-26 10:56:00,Finalized,,,,,2019-01-04 09:00:00,
53.0,False,CAL FIRE Lassen-Modoc Unit,,2018,True,['Lassen'],,,,2019-01-04 09:03:00,,False,True,,,,40.33642,-120.93005,False,Copper Fire,100.0,,True,2018-09-22 14:41:00,Finalized,,,,,2019-01-04 09:03:00,
53.0,False,CAL FIRE Madera-Mariposa-Merced ,,2018,True,['Mariposa'],,,,2019-01-04 10:05:00,,False,True,,,,37.47677,-119.84299,True,Boyer Fire,100.0,,True,2018-06-15 13:37:00,Finalized,,1.0,,,2019-01-04 10:05:00,
52.0,False,US Forest Service - Modoc National Forest,,2018,False,['Modoc'],,,,2019-01-04 09:46:00,,False,True,,,,41.50105,-120.61108,False,Kelley Fire,100.0,,True,2018-07-14 20:46:00,Finalized,,,,,2019-01-04 09:46:00,
51.0,False,CAL FIRE San Luis Obispo Unit,,2018,True,['San Luis Obispo'],,,,2019-01-04 09:04:00,,False,True,,,,35.30151,-120.64398,False,Reservoir Fire,100.0,,True,2018-09-16 08:34:00,Finalized,,,,,2019-01-04 09:04:00,
51.0,False,CAL FIRE Shasta-Trinity Unit,,2018,True,['Shasta'],7.0,,24.0,2019-01-04 09:36:00,,False,True,,,,40.824,-121.90215,True,Crestline Fire,100.0,192.0,True,2018-07-24 15:24:00,Finalized,,,,,2019-01-04 09:36:00,6.0
51.0,False,CAL FIRE Santa Clara Unit,,2018,True,['Santa Clara'],,,,2019-01-04 09:51:00,,False,True,,,,37.163594,-121.702547,False,Hale Fire,100.0,,True,2018-07-10 16:45:00,Finalized,,,,,2019-01-04 09:51:00,
50.0,False,CAL FIRE Lake-Napa Unit,,2018,True,['Lake'],,,,2019-01-04 09:38:00,,False,True,,,,38.91152,-122.86854,True,Carder Fire,100.0,,True,2018-07-21 14:40:00,Finalized,,,,,2019-01-04 09:38:00,
50.0,False,CAL FIRE Tehama-Glenn Unit,,2018,True,['Tehama'],,,,2019-01-04 09:43:00,,False,True,,,,40.27754,-122.11375,False,Tuscan Fire,100.0,,True,2018-07-15 17:15:00,Finalized,,,,,2019-01-04 09:43:00,
50.0,False,Fort Hunter Liggett Military Base,,2018,False,['Monterey'],,,,2019-01-03 09:43:00,,False,True,,,,35.96689,-121.28185,False,Haycamp Fire,100.0,,True,2018-02-07 15:53:00,Finalized,,,,,2019-01-03 09:43:00,
48.0,False,CAL FIRE Santa Clara Unit,,2018,True,['Alameda'],,,,2019-01-04 09:14:00,,False,True,,,,37.69926,-122.02805,False,Castro Fire,100.0,,True,2018-08-26 14:23:00,Finalized,,,,,2019-01-04 09:14:00,
45.0,False,Moraga-Olinda Fire District ,,2018,False,['Contra Costa'],,,,2019-01-04 09:57:00,,False,True,,,,37.86339,-122.12351,False,Buckingham Fire,100.0,,True,2018-07-02 14:25:00,Finalized,,,,,2019-01-04 09:57:00,
45.0,False,Marin County Fire,,2018,False,['Marin'],,,,2019-01-04 09:22:00,,False,True,,,,38.07135,-122.76751,False,Bridge Fire,100.0,,True,1969-12-31 16:00:00,Finalized,,,,,2019-01-04 09:22:00,
43.0,False,CAL FIRE Butte Unit,,2018,True,['Butte'],9.0,2.0,12.0,2019-01-04 09:40:00,,False,True,,,2.0,39.57202,-121.43131,True,Simmons Fire,100.0,168.0,True,2018-07-19 12:00:00,Finalized,,,,,2019-01-04 09:40:00,4.0
40.0,False,CAL FIRE Riverside County Fire,,2018,True,['Riverside'],,,,2019-01-04 09:36:00,,False,True,,,,33.56921,-116.154398,False,Martinez Fire,100.0,,True,2018-07-23 14:55:00,Finalized,,,,,2019-01-04 09:36:00,
40.0,False,CAL FIRE Madera-Mariposa-Merced Unit,,2018,True,['Mariposa'],,,,2019-01-04 09:39:00,,False,True,,,,37.28365,-119.97546,False,Ben Fire,100.0,,True,2018-07-19 13:07:00,Finalized,,,,,2019-01-04 09:39:00,
40.0,False,Unified Command: CAL FIRE Santa Clara Unit and San Ramon Valley Fire Department,,2018,True,['Contra Costa'],,,,2019-01-04 10:04:00,,False,True,,,,37.779209,-121.908976,False,Iron Fire,100.0,,True,2018-06-19 15:19:00,Finalized,,,,,2019-01-04 10:04:00,
40.0,False,CAL FIRE Butte Unit/Butte County Fire Department,,2018,True,['Butte'],,,,2019-01-04 10:05:00,,False,True,,,,39.549167,-121.521111,False,Oregon Fire,100.0,,True,2018-06-16 11:47:00,Finalized,,,,,2019-01-04 10:05:00,
39.0,False,CAL FIRE San Benito-Monterey Unit,,2018,True,['San Benito'],,,,2019-01-04 09:35:00,,False,True,,,,36.796,-121.40604,False,Hidden Fire,100.0,,True,2018-07-25 14:11:00,Finalized,,,,,2019-01-04 09:35:00,
38.0,False,Redding City Fire,,2018,False,['Shasta'],,,,2019-01-04 08:53:00,,False,True,,,,40.60866,-122.38366,False,Masonic Fire,100.0,,True,2018-10-14 11:33:00,Finalized,,,,,2019-01-04 08:53:00,
38.0,False,San Diego City Fire Dept.,,2018,False,['San Diego'],,,,2019-01-04 10:16:00,,False,True,,,,32.78031,-117.06782,False,Adobe Fire,100.0,,True,2018-06-03 16:16:00,Finalized,,,,,2019-01-04 10:16:00,
37.0,False,CAL FIRE San Luis Obispo Unit,,2018,True,['San Luis Obispo'],,,,2019-01-04 09:38:00,,False,True,,,,35.64917,-120.71907,False,Mustang Fire,100.0,,True,2018-07-21 15:01:00,Finalized,,,,,2019-01-04 09:38:00,
37.0,False,CAL FIRE Siskiyou Unit,,2018,True,['Siskiyou'],,,,2019-01-04 10:17:00,,False,True,,,,41.58233,-122.33769,False,Martin Fire,100.0,,True,2018-06-03 16:14:00,Finalized,,,,,2019-01-04 10:17:00,
36.0,False,CAL FIRE Sonoma-Lake-Napa Unit,,2018,True,['Lake'],,,,2019-01-04 09:11:00,,False,True,,,,38.981389,-122.97222,False,Ridge Fire,100.0,,True,2018-09-02 14:02:00,Finalized,,,,,2019-01-04 09:11:00,
36.0,False,CAL FIRE / Riverside County Fire,,2018,True,['Riverside'],,,,2019-01-04 09:13:00,,False,True,,,,33.640051,-117.085354,False,Winchester Fire,100.0,,True,2018-08-27 10:49:00,Finalized,,,,,2019-01-04 09:13:00,
35.0,False,CAL FIRE Mendocino Unit,,2018,True,['Mendocino'],,,,2019-01-04 08:49:00,,False,True,,,,39.62194,-123.28774,False,Brushy Fire,100.0,,True,2018-11-08 11:58:00,Finalized,,,,,2019-01-04 08:49:00,
35.0,False,CAL FIRE/Riverside County Fire Department,,2018,True,['Riverside'],,,,2019-01-04 09:23:00,,False,True,,,,33.759722,-117.460278,False,Terra Fire,100.0,,True,2018-08-06 14:19:00,Finalized,,,,,2019-01-04 09:23:00,
35.0,False,CAL FIRE Shasta-Trinity Unit,,2018,True,['Shasta'],,,,2019-01-04 09:29:00,,False,True,,,,40.95673,-121.6002,False,Corner Fire,100.0,,True,2018-07-29 16:22:00,Finalized,,,,,2019-01-04 09:29:00,
35.0,False,CAL FIRE San Benito-Monterey Unit,,2018,True,['San Benito'],,,,2019-01-04 10:17:00,,False,True,,,,36.83036,-121.36446,False,Fairview Fire,100.0,,True,2018-06-03 15:09:00,Finalized,,,,,2019-01-04 10:17:00,
34.0,False,Kern County Fire ,,2018,True,['Kern'],,,,2019-01-04 09:16:00,,False,True,,,,35.17156,-118.51651,False,Marcel Fire,100.0,,True,2018-08-17 18:47:00,Finalized,,,,,2019-01-04 09:16:00,
34.0,False,CAL FIRE Santa Clara Unit,,2018,True,['Alameda'],,,,2019-01-04 09:34:00,,False,True,,,,37.71173,-121.55604,False,Patterson Fire,100.0,,True,2018-07-25 16:05:00,Finalized,,,,,2019-01-04 09:34:00,
34.0,False,Sequoia Kings National Park,,2018,False,['Tulare'],,,,2019-01-04 09:39:00,,False,True,,,,36.42638,-118.70443,False,Horse Creek Fire,100.0,,True,2018-07-19 16:25:00,Finalized,,,,,2019-01-04 09:39:00,
33.0,False,CAL FIRE Butte Unit,,2018,True,['Butte'],4.0,2.0,5.0,2019-01-04 09:01:00,,False,True,,,,39.84151,-121.62168,True,Nimshew Fire,100.0,83.0,True,2018-09-24 00:41:00,Finalized,,,,,2019-01-04 09:01:00,4.0
33.0,False,CAL FIRE Tehama-Glenn Unit,,2018,True,['Tehama'],,,,2019-01-04 09:46:00,,False,True,,,,40.00293,-122.44008,False,Lariat Fire,100.0,,True,2018-07-14 20:40:00,Finalized,,,,,2019-01-04 09:46:00,
33.0,False,San Bernardino National Forest,,2018,False,['San Bernardino'],,,,2019-01-04 09:57:00,,False,True,,,,34.17711,-117.15381,False,Creek Fire,100.0,,True,2018-06-30 12:12:00,Finalized,,,,,2019-01-04 09:57:00,
33.0,False,CAL FIRE Tulare Unit,,2018,True,['Tulare'],,,,2019-01-03 09:44:00,,False,True,,,,0.0,0.0,False,Wilcox Fire,100.0,,True,2018-02-18 13:45:00,Finalized,,,,,2019-01-03 09:44:00,
32.0,False,Sierra National Forest,,2018,False,['Fresno'],,,,2019-01-04 09:47:00,,False,True,,,,36.938674,-119.3127769,False,Eagle Fire,100.0,,True,2018-10-02 15:45:00,Finalized,,,,,2019-01-04 09:47:00,
32.0,False,CAL FIRE / Riverside County Fire,,2018,True,['Riverside'],,,,2019-01-04 09:15:00,,False,True,,,,33.97902,-117.20534,False,Country Fire,100.0,,True,2018-08-25 11:58:00,Finalized,,,,,2019-01-04 09:15:00,
32.0,False,CAL FIRE Lassen-Modoc Unit,,2018,True,['Lassen'],,,,2019-01-04 09:42:00,,False,True,,,,41.08583,-121.05722,False,3-18 Fire,100.0,,True,2018-07-15 16:45:00,Finalized,,,,,2019-01-04 09:42:00,
32.0,False,CAL FIRE Sonoma-Lake-Napa Unit,,2018,True,['Lake'],,,,2019-01-04 10:05:00,,False,True,,,,38.886518,-122.476381,False,Creek Fire,100.0,,True,2018-06-16 14:04:00,Finalized,,,,,2019-01-04 10:05:00,
31.0,False,CAL FIRE Shasta-Trinity Unit,,2018,True,['Shasta'],,,,2019-01-04 09:53:00,,False,True,,,,40.62693,-122.23449,False,Vista Fire,100.0,,True,2018-07-08 14:41:00,Finalized,,,,,2019-01-04 09:53:00,
30.0,False,CAL FIRE Santa Clara Unit,,2018,True,['Santa Clara'],,,,2019-01-04 09:02:00,,False,True,,,,37.33563,-121.75815,False,Quimby Fire,100.0,,True,2018-09-23 16:23:00,Finalized,,,,,2019-01-04 09:02:00,
30.0,False,Contra Costa County Fire,,2018,False,['Contra Costa'],,,,2019-01-04 09:17:00,,False,True,,,,37.99618,-122.14097,False,Alhambra Fire,100.0,,True,2018-08-17 19:19:00,Finalized,,,,,2019-01-04 09:17:00,
30.0,False,CAL FIRE Santa Clara Unit,,2018,True,['Alameda'],,,,2019-01-04 09:25:00,,False,True,,,,37.533026,-121.79733,False,Creek Fire,100.0,,True,2018-08-04 17:32:00,Finalized,,,,,2019-01-04 09:25:00,
30.0,False,CAL FIRE Riverside Coounty,,2018,True,['Riverside'],,,,2019-01-04 09:30:00,,False,True,,,,33.85852,-117.43521,False,Sobrante Fire,100.0,,True,2018-07-28 15:38:00,Finalized,,,,,2019-01-04 09:30:00,
30.0,False,CAL FIRE San Luis Obispo Unit,,2018,True,['San Luis Obispo'],,,,2019-01-04 09:38:00,,False,True,,,,35.68539,-120.95157,False,Rock Fire,100.0,,True,2018-07-21 15:50:00,Finalized,,,,,2019-01-04 09:38:00,
30.0,False,Unified Command: CAL FIRE Amador-El Dorado Unit and Sacramento Metro Fire,,2018,True,['Sacramento'],,,,2019-01-04 09:58:00,,False,True,,,,38.595865,-121.17693,False,Grant Fire,100.0,,True,2018-06-29 15:46:00,Finalized,,,,,2019-01-04 09:58:00,
30.0,False,CAL FIRE / Fresno County Fire,,2018,True,['Fresno'],,,,2019-01-03 09:46:00,,False,True,,,,35.92436,-119.94083,False,Aqueduct Fire,100.0,,True,2018-04-12 14:30:00,Finalized,,,,,2019-01-03 09:46:00,
28.0,False,CAL FIRE San Diego County Fire Authority,,2018,True,['San Diego'],,,,2019-01-04 09:41:00,,False,True,,,,32.557566,-116.8663,False,Border Fire,100.0,,True,2018-07-17 14:05:00,Finalized,,,,,2019-01-04 09:41:00,
27.0,False,CAL FIRE Siskiyou Unit,,2018,True,['Siskiyou'],,,,2019-01-04 10:24:00,,False,True,,,,41.791859,-122.513883,False,Ager Fire,100.0,,True,2018-05-19 13:04:00,Finalized,,,,,2019-01-04 10:24:00,
26.0,False,CAL FIRE Tulare Unit,,2018,True,['Tulare'],,,,2019-01-04 10:24:00,,False,True,,,,35.826333,-118.9821,False,White Fire,100.0,,True,2018-05-18 11:00:00,Finalized,,,,,2019-01-04 10:24:00,
25.0,False,Soboba Fire Department,,2018,False,['Riverside'],,,,2019-01-04 09:04:00,,False,True,,,,33.80406,-116.93188,False,Soboba Fire,100.0,,True,2018-09-14 19:32:00,Finalized,,,,,2019-01-04 09:04:00,
25.0,False,CAL FIRE Santa Clara Unit,,2018,True,['Contra Costa'],,,,2019-01-04 10:05:00,,False,True,,,,38.015323,-121.998967,False,Willow Fire,100.0,,True,2018-06-16 15:10:00,Finalized,,,,,2019-01-04 10:05:00,
25.0,False,CAL FIRE San Luis Obispo Unit,,2018,True,['San Luis Obispo'],,,,2019-01-04 10:20:00,,False,True,,,,35.71859,-120.64028,False,Vineyard Fire,100.0,,True,2018-05-29 13:11:00,Finalized,,,,,2019-01-04 10:20:00,
24.0,False,CAL FIRE Sonoma-Lake-Napa Unit,,2018,True,['Lake'],,,,2019-01-04 09:11:00,,False,True,,,,38.91842,-122.85276,True,Kelsey Fire,100.0,,True,2018-09-03 13:58:00,Finalized,,,,,2019-01-04 09:11:00,
23.0,False,CAL FIRE / Riverside County Fire,,2018,True,['Riverside'],,,,2019-01-04 09:15:00,,False,True,,,,33.946896,-117.066643,False,Land Fire,100.0,,True,2018-08-22 13:45:00,Finalized,,,,,2019-01-04 09:15:00,
23.0,False,CAL FIRE Santa Clara Unit,,2018,True,['Contra Costa'],,,,2019-01-04 10:19:00,,False,True,,,,37.99113,-121.86473,False,Glen Fire,100.0,,True,2018-06-02 12:42:00,Finalized,,,,,2019-01-04 10:19:00,
23.0,False,CAL FIRE Tehama-Glenn Unit,,2018,True,['Tehama'],,,,2019-01-04 10:19:00,,False,True,,,,40.201826,-122.29388,False,Plymire Fire,100.0,,True,2018-06-01 16:07:00,Finalized,,,,,2019-01-04 10:19:00,
22.0,False,CAL FIRE Madera-Mariposa-Merced ,,2018,True,['Mariposa'],,,,2019-01-04 09:24:00,,False,True,,,,37.69965,-120.0545,False,Wagner Fire,100.0,,True,2018-08-04 13:57:00,Finalized,,,,,2019-01-04 09:24:00,
21.0,False,CAL FIRE / Riverside County Fire,,2018,True,['Riverside'],,,,2019-01-03 09:46:00,,False,True,,,,33.86439,-117.48144,False,Meadow Fire,100.0,,True,2018-04-09 18:18:00,Finalized,,,,,2019-01-03 09:46:00,
20.0,False,CAL FIRE Santa Clara Unit,,2018,True,['Contra Costa'],,,,2019-01-04 08:44:00,,False,True,,,,37.81111,-121.7944,False,Morgan Fire,100.0,,True,2018-11-15 13:31:00,Finalized,,,,,2019-01-04 08:44:00,
20.0,False,CAL FIRE Santa Clara Unit,,2018,True,['Alameda'],,,,2019-01-04 08:45:00,,False,True,,,,37.61158,-121.94182,False,Niles Fire,100.0,,True,2018-11-14 14:56:00,Finalized,,,,,2019-01-04 08:45:00,
20.0,False,CAL FIRE Santa Clara Unit,,2018,True,['Santa Clara'],,,,2019-01-04 09:33:00,,False,True,,,,37.07793,-121.600023,False,Church Fire,100.0,,True,2018-07-25 16:14:00,Finalized,,,,,2019-01-04 09:33:00,
20.0,False,CAL FIRE Santa Clara Unit,,2018,True,['Alameda'],,,,2019-01-04 10:04:00,,False,True,,,,37.627119,-121.806775,False,Vallecitos Fire,100.0,,True,2018-06-17 15:56:00,Finalized,,,,,2019-01-04 10:04:00,
20.0,False,CAL FIRE / Riverside County Fire,,2018,True,['Riverside'],,,,2019-01-04 10:06:00,,False,True,,,,33.524412,-116.821724,False,Bridle Fire,100.0,,True,2018-06-14 17:02:00,Finalized,,,,,2019-01-04 10:06:00,
20.0,False,CAL FIRE Butte Unit,,2018,True,['Butte'],,,,2019-01-04 10:07:00,,False,True,,,,39.602703,-121.617698,False,70 Fire,100.0,,True,2018-06-14 15:18:00,Finalized,,,,,2019-01-04 10:07:00,
20.0,False,Los Angeles City Fire Department,,2018,False,['Los Angeles'],,,,2019-01-04 10:07:00,,False,True,,,,34.110516,-118.427886,False,Portola Fire ,100.0,,True,2018-06-12 14:56:00,Finalized,,,,,2019-01-04 10:07:00,
20.0,False,USFS - Plumas National Forest,,2018,False,['Plumas'],,,,2019-01-04 10:27:00,,False,True,,,,39.89075,-120.18499,False,French Fire,100.0,,True,2018-04-26 15:00:00,Finalized,,,,,2019-01-04 10:27:00,
18.0,False,Unified Command: CAL FIRE and Camp Pendleton Fire,,2018,False,['San Diego'],,,,2019-01-04 10:26:00,,False,True,,,,33.40178,-117.27467,False,Jacques Fire,100.0,,True,2018-05-09 22:00:00,Finalized,,,,,2019-01-04 10:26:00,
18.0,False,CAL FIRE/Riverside County Fire Department,,2018,True,['Riverside'],,,,2019-01-03 13:10:00,,False,True,,,,33.88744,-117.16232,False,Lago Fire,100.0,,True,2018-04-22 13:35:00,Finalized,,,,,2019-01-03 13:10:00,
17.0,False,CAL FIRE San Mateo - Santa Cruz Unit,,2018,True,['Santa Cruz'],,,,2019-01-04 08:50:00,,False,True,,,,37.0125,-122.046,True,Rincon Fire,100.0,,True,2018-11-03 21:28:00,Finalized,,,,,2019-01-04 08:50:00,
17.0,False,CAL FIRE Amador-El Dorado Unit,,2018,True,['Amador'],,,,2019-01-04 10:05:00,,False,True,,,,38.265645,-120.892404,False,China Fire,100.0,,True,2018-06-17 13:58:00,Finalized,,,,,2019-01-04 10:05:00,
17.0,False,CAL FIRE/ Riverside County Fire,,2018,True,['Riverside'],,,,2019-01-04 10:17:00,,False,True,,,,33.742,-117.28189,False,Ethanac Fire,100.0,,True,2018-06-03 14:17:00,Finalized,,,,,2019-01-04 10:17:00,
16.0,False,CAL FIRE Nevada-Yuba-Placer Unit,,2018,True,['Nevada'],,,,2019-01-04 09:19:00,,False,True,,,,39.10494,-121.07039,False,Oak Fire,100.0,,True,2018-08-12 14:20:00,Finalized,,,,,2019-01-04 09:19:00,
16.0,False,CAL FIRE Humboldt-Del Norte Unit,,2018,True,['Humboldt'],,,,2019-01-04 09:43:00,,False,True,,,,41.34453,-123.85404,False,Johnson Fire,100.0,,True,2018-07-15 16:14:00,Finalized,,,,,2019-01-04 09:43:00,
16.0,False,CAL FIRE Santa Clara Unit,,2018,True,['Santa Clara'],,,,2019-01-04 10:22:00,,False,True,,,,37.21803,-121.76828,False,Keeler Fire,100.0,,True,2018-05-27 17:05:00,Finalized,,,,,2019-01-04 10:22:00,
15.0,False,CAL FIRE Siskiyou Unit,,2018,True,['Siskiyou'],,,,2019-01-04 08:55:00,,False,True,,,,41.94046,-122.43933,False,Iron Gate Fire,100.0,,True,2018-10-10 21:50:00,Finalized,,,,,2019-01-04 08:55:00,
15.0,False,Modoc National Forest,,2018,False,['Modoc'],,,,2019-01-04 09:11:00,,False,True,,,,41.52123,-120.72362,False,Essex Fire,100.0,,True,2018-09-02 14:53:00,Finalized,,,,,2019-01-04 09:11:00,
15.0,False,CAL FIRE/ Riverside County Fire,,2018,True,['Riverside'],,,,2019-01-04 10:26:00,,False,True,,,,33.467999,-117.003829,False,Woodchuck Fire,100.0,,True,2018-05-04 18:53:00,Finalized,,,,,2019-01-04 10:26:00,
15.0,False,CAL FIRE/Riverside County Fire Department,,2018,True,['Riverside'],2.0,1.0,18.0,2019-01-03 09:46:00,,False,True,,1.0,,33.711263,-116.164058,True,Tyler Fire,100.0,105.0,True,2018-04-15 04:38:00,Finalized,,,,,2019-01-03 09:46:00,2.0
14.0,False,CAL FIRE San Diego Unit,,2018,True,['San Diego'],,,,2019-01-04 09:24:00,,False,True,,,,33.05737,-116.77154,False,Casner Fire,100.0,,True,2018-08-06 10:31:00,Finalized,,,,,2019-01-04 09:24:00,
14.0,False,CAL FIRE San Luis Obispo Unit,,2018,True,['San Luis Obispo'],,,,2019-01-04 09:41:00,,False,True,,,,35.70086,-120.97339,False,Camp Fire,100.0,,True,2018-07-17 11:13:00,Finalized,,,,,2019-01-04 09:41:00,
14.0,False,CAL FIRE Lassen-Modoc Unit,,2018,True,['Lassen'],,,,2019-01-04 09:45:00,,False,True,,,,39.99309,-120.02137,False,3-2 Fire,100.0,,True,2018-07-14 15:00:00,Finalized,,,,,2019-01-04 09:45:00,
14.0,False,CAL FIRE Sonoma-Lake-Napa Unit ,,2018,True,['Yolo'],,,,2019-01-04 10:20:00,,False,True,,,,38.64953,-122.01762,False,Madison FIre,100.0,,True,2018-06-01 13:31:00,Finalized,,,,,2019-01-04 10:20:00,
13.0,False,Shasta Lake Fire Protection District,,2018,False,['Shasta'],,,,2019-01-04 09:08:00,,False,True,,,,40.678889,-122.400556,False,Ranchera Fire,100.0,,True,2018-09-04 14:43:00,Finalized,,,,,2019-01-04 09:08:00,
13.0,False,CAL FIRE San Diego Unit,,2018,True,['San Diego'],3.0,,10.0,2019-01-04 09:39:00,,False,True,,4.0,,33.04898,-116.78928,True,Cinnamon Fire,100.0,80.0,True,2018-07-20 13:07:00,Finalized,1.0,0.0,,,2019-01-04 09:39:00,4.0
13.0,False,CAL FIRE Fresno-Kings Unit,,2018,True,['Fresno'],,,,2019-01-04 10:18:00,,False,True,,,,36.10499,-120.55324,False,Coldwell Fire,100.0,,True,2018-06-02 09:55:00,Finalized,,,,,2019-01-04 10:18:00,
12.0,False,CAL FIRE Shasta - Trinity Unit,,2018,True,['Shasta'],,,,2019-01-04 08:54:00,,False,True,,,,40.49618,-122.51597,False,Tower Fire,100.0,,True,2018-10-14 06:45:00,Finalized,,,,,2019-01-04 08:54:00,
12.0,False,"CAL FIRE Amador, El Dorado Unit",,2018,True,['El Dorado'],,,,2019-01-04 09:03:00,,False,True,,,,38.7448,-120.65672,True,Meyers Fire,100.0,,True,2018-09-20 12:39:00,Finalized,,,,,2019-01-04 09:03:00,
12.0,False,CAL FIRE San Bernardino Unit,,2018,True,['San Bernardino'],,,,2019-01-04 09:47:00,,False,True,,,,34.171786,-117.35606,False,Gray Fire,100.0,,True,2018-07-13 14:32:00,Finalized,,,,,2019-01-04 09:47:00,
12.0,False,CAL FIRE Madera-Mariposa-Merced ,,2018,True,['Madera'],,,,2019-01-04 09:50:00,,False,True,,,,37.22791,-119.50461,False,School Fire,100.0,,True,2018-07-10 17:31:00,Finalized,,,,,2019-01-04 09:50:00,
12.0,False,San Rafael Fire ,,2018,False,['Marin'],,,,2019-01-04 10:09:00,,False,True,,,,37.97638,-122.5275,False,Mission Fire,100.0,,True,2018-06-09 15:30:00,Finalized,,,,,2019-01-04 10:09:00,
12.0,False,CAL FIRE San Diego Unit,,2018,True,['San Diego'],,,,2019-01-04 10:11:00,,False,True,,,,33.40769,-117.22974,False,Vista Fire,100.0,,True,2018-06-05 13:45:00,Finalized,,,,,2019-01-04 10:11:00,
12.0,False,CAL FIRE Siskiyou Unit,,2018,True,['Siskiyou'],,,,2019-01-04 10:13:00,,False,True,,,,41.64805,-122.98442,False,Meamber Fire,100.0,,True,2018-06-04 15:08:00,Finalized,,,,,2019-01-04 10:13:00,
12.0,False,CAL FIRE San Luis Obispo Unit,,2018,True,['San Luis Obispo'],,,,2019-01-04 10:17:00,,False,True,,,,35.75737,-120.91793,False,Resort Fire,100.0,,True,2018-06-03 16:11:00,Finalized,,,,,2019-01-04 10:17:00,
12.0,False,CAL FIRE Sonoma-Lake-Napa Unit,,2018,True,['Napa'],,,,2019-01-04 10:23:00,,False,True,,,,38.16303,-122.23059,False,Bellagio Fire,100.0,,True,2018-05-21 11:56:00,Finalized,,,,,2019-01-04 10:23:00,
12.0,False,CAL FIRE Santa Clara Unit,,2018,True,['Alameda'],,,,2019-01-04 10:25:00,,False,True,,,,37.73835,-121.6039,False,Grant Fire,100.0,,True,2018-05-14 13:06:00,Finalized,,,,,2019-01-04 10:25:00,
12.0,False,CAL FIRE San Diego Unit,,2018,True,['San Diego'],,,,2019-01-04 10:25:00,,False,True,,,,33.12213,-116.58759,False,Volcan Fire,100.0,,True,2018-05-10 20:41:00,Finalized,,,,,2019-01-04 10:25:00,
11.0,False,CAL FIRE Butte Unit,,2018,True,['Butte'],,,,2019-01-04 09:51:00,,False,True,,,,39.66492,-121.51772,False,Dark Fire,100.0,,True,2018-07-10 12:42:00,Finalized,,,,,2019-01-04 09:51:00,
11.0,False,CAL FIRE Madera-Mariposa-Merced ,,2018,True,['Madera'],,,,2019-01-04 09:52:00,,False,True,,,,37.19817,-119.80414,False,Cornerstone Fire,100.0,,True,2018-07-09 17:54:00,Finalized,,,,,2019-01-04 09:52:00,
11.0,False,CAL FIRE/ Riverside County Fire,,2018,True,['Riverside'],,,,2019-01-04 10:18:00,,False,True,,,,33.47413,-117.31468,False,Grande Fire,100.0,,True,2018-06-03 13:38:00,Finalized,,,,,2019-01-04 10:18:00,
11.0,False,CAL FIRE Shasta Trinity Unit,,2018,True,['Shasta'],,,,2019-01-03 09:45:00,,False,True,,,,40.4635,-121.77419,False,Rock Fire,100.0,,True,2018-03-27 16:20:00,Finalized,,,,,2019-01-03 09:45:00,
10.0,False,CAL FIRE San Mateo-Santa Cruz Unit,,2018,True,['Santa Cruz'],,,,2019-01-04 08:44:00,,False,True,,,,37.12857,-122.12036,False,Bear Fire ,100.0,,True,2018-11-16 11:01:00,Finalized,,,,,2019-01-04 08:44:00,
10.0,False,CAL FIRE Humboldt - Del Norte Unit,,2018,True,['Humboldt'],,,,2019-01-04 08:46:00,,False,True,,,,40.888785,-124.001849,False,Green Hill Fire,100.0,,True,2018-11-12 17:39:00,Finalized,,,,,2019-01-04 08:46:00,
10.0,False,CAL FIRE Butte Unit,,2018,True,['Butte'],,,,2019-01-04 08:52:00,,False,True,,,,39.93427,-121.54103,False,Powellton Fire,100.0,,True,2018-10-15 11:57:00,Finalized,,,,,2019-01-04 08:52:00,
10.0,False,CAL FIRE/Riverside County Fire Department,,2018,True,['Riverside'],,,,2019-01-04 09:16:00,,False,True,,,,33.627006,-117.171731,False,Keller Fire,100.0,,True,2018-08-19 15:55:00,Finalized,,,,,2019-01-04 09:16:00,
10.0,False,CAL FIRE Sonoma-Lake Napa Unit,,2018,True,['Napa'],,,,2019-01-04 09:20:00,,False,True,,,,38.27229,-122.26389,False,Syar Fire,100.0,,True,2018-08-09 14:21:00,Finalized,,,,,2019-01-04 09:20:00,
10.0,False,CAL FIRE Siskiyou Unit,,2018,True,['Siskiyou'],,,,2019-01-04 09:40:00,,False,True,,,,41.632373,-122.37985,False,Lott Fire,100.0,,True,2018-07-17 19:03:00,Finalized,,,,,2019-01-04 09:40:00,
10.0,False,CAL FIRE San Diego Unit / San Diego County Fire Authority,,2018,True,['San Diego'],,,,2019-01-04 09:55:00,,False,True,,,,32.619855,-116.764733,False,Building Fire,100.0,,True,2018-07-06 10:11:00,Finalized,,,,,2019-01-04 09:55:00,
10.0,False,CAL FIRE Butte Unit/Butte County Fire Department,,2018,True,['Butte'],,,,2019-01-04 09:58:00,,False,True,,,,39.6139,-121.954098,False,Llano Fire,100.0,,True,2018-06-29 11:44:00,Finalized,,,,,2019-01-04 09:58:00,
10.0,False,CAL FIRE San Luis Obispo Unit,,2018,True,['San Luis Obispo'],,,,2019-01-04 10:03:00,,False,True,,,,35.05747,-120.39295,False,Creek Fire,100.0,,True,2018-06-21 16:45:00,Finalized,,,,,2019-01-04 10:03:00,
10.0,False,CAL FIRE San Benito-Monterey Unit,,2018,True,['Monterey'],,,,2019-01-04 10:04:00,,False,True,,,,35.77017,-120.57833,False,Ranchita Fire,100.0,,True,2018-06-19 16:06:00,Finalized,,,,,2019-01-04 10:04:00,
10.0,False,Schell-Vista Fire Protection District ,,2018,False,['Sonoma'],,,,2019-01-04 10:12:00,,False,True,,,,38.245151,-122.44408,False,Pallet Fire,100.0,,True,2018-06-05 13:03:00,Finalized,,,,,2019-01-04 10:12:00,
10.0,False,San Miguel FPD,,2018,False,['San Diego'],,,,2019-01-04 10:16:00,,False,True,,,,32.75072,-116.92404,False,Green Fire,100.0,,True,2018-06-03 18:23:00,Finalized,,,,,2019-01-04 10:16:00,
10.0,False,CAL Fire Tehama Glenn Unit,,2018,True,['Tehama'],,,,2019-01-04 10:18:00,,False,True,,,,39.80827,-122.3307,False,Black Fire,100.0,,True,2018-06-03 08:55:00,Finalized,,,,,2019-01-04 10:18:00,
10.0,False,CAL FIRE/Riverside County Fire,,2018,True,['Riverside'],,,,2019-01-04 10:18:00,,False,True,,,,33.45014,-117.22215,False,Jardin Fire,100.0,,True,2018-06-02 15:53:00,Finalized,,,,,2019-01-04 10:18:00,
10.0,False,CAL FIRE / Riverside County Fire,,2018,True,['Riverside'],,,,2019-01-04 10:21:00,,False,True,,,,33.53924,-116.10231,False,70th Fire,100.0,,True,2018-05-28 07:23:00,Finalized,,,,,2019-01-04 10:21:00,
0.0,False,CAL FIRE Butte Unit,,2018,True,['Butte'],,,,2019-01-04 08:42:00,,False,True,,,,39.71217,-121.77385,True,Honey Flooding,100.0,,True,2018-11-29 23:30:00,Finalized,,,,,2019-07-09 13:45:23,
0.0,False,USFS - Shasta-Trinity National Forest,,2018,False,['Humboldt'],,,,2019-01-03 15:23:00,,False,True,,,,40.70258,-123.55012,False,Grape Fire,100.0,,True,2018-04-24 16:59:00,Finalized,,,,,2019-01-03 15:23:00,
0.0,False,Ventura County Fire and Santa Barbara County Fire ,,2018,False,"['Santa Barbara', 'Ventura']",,,,2019-01-03 09:43:00,,False,True,,,,0.0,0.0,True,Montecito Flooding / Mudflows,100.0,,True,2018-01-09 04:00:00,Finalized,,,,,2019-01-03 09:43:00,
